{
	"schemaVersion": 1,
	"id": "copperapple-mod",
	"version": "${version}",
	"name": "CopperApple Mod",
	"description": "This is an example description! Tell everyone what your mod is about!",
	"authors": [
		"Me!"
	],
	"contact": {
		"homepage": "https://fabricmc.net/",
		"sources": "https://github.com/FabricMC/fabric-example-mod"
	},
	"license": "CC0-1.0",
	"icon": "assets/copperapple-mod/icon.png",
	"environment": "*",
	"entrypoints": {
		"main": [
			"com.github.kowoo.CopperAppleMod"
		],
		"client": [
			"com.github.kowoo.CopperAppleModClient"
		],
		"fabric-datagen": [
			"com.github.kowoo.CopperAppleModDataGenerator"
		]
	},
	"mixins": [
		"copperapple-mod.mixins.json",
		{
			"config": "copperapple-mod.client.mixins.json",
			"environment": "client"
		}
	],
	"depends": {
		"fabricloader": ">=0.17.3",
		"minecraft": "~1.21.10",
		"java": ">=21",
		"fabric-api": "*"
	},
	"suggests": {
		"another-mod": "*"
	}
}